time,Open,High,Low,Close,Volume
2021-01-01,1.51,1.865,1.495,1.847,1125773.54
2021-01-02,1.847,2.012,1.752,1.799,1060347.35
2021-01-03,1.799,2.808,2.007,2.185,1475936.63
2021-01-04,2.185,2.573,2.066,2.491,1543191.05
2021-01-05,2.491,2.634,2.145,2.158,1246011.66
2021-01-06,2.158,2.628,1.895,1.925,1235109.61
2021-01-07,1.958,2.652,1.939,2.36,1657680.12
2021-01-08,2.36,3.815,2.182,3.225,2032046.03
2021-01-09,3.225,3.681,2.932,3.381,938188.86
2021-01-10,3.381,3.762,3.165,3.471,662473.96
2021-01-11,3.471,3.516,2.599,3.118,1187947.45
2021-01-12,3.118,3.919,3.084,3.737,1005517.84
2021-01-13,3.737,4.175,3.263,3.647,676796.96
2021-01-14,3.647,3.791,3.246,3.326,691711.54
2021-01-15,3.326,3.635,2.978,3.245,574281.91
2021-01-16,3.245,3.699,3.245,3.449,463418.94
2021-01-17,3.449,3.999,3.313,3.824,697433.44
2021-01-18,3.824,4.153,3.621,3.798,854065.36
2021-01-19,3.798,4.09,3.582,3.635,840275.37
2021-01-20,3.635,3.739,3.345,3.736,712145.73
2021-01-21,3.736,3.736,2.952,2.997,703791.98
2021-01-22,2.997,3.504,2.576,3.329,826775.76
2021-01-23,3.329,3.606,3.313,3.517,470767.61
2021-01-24,3.517,3.797,3.49,3.644,661113.67
2021-01-25,3.644,3.987,3.448,3.7,794632.0
2021-01-26,3.7,4.099,3.687,4.031,1000392.82
2021-01-27,4.031,4.033,3.521,3.693,331130.31
2021-01-28,3.693,3.952,3.618,3.847,344118.78
2021-01-29,3.814,4.012,3.602,3.827,655289.91
2021-01-30,3.839,4.325,3.789,4.218,771726.59
2021-01-31,4.218,4.792,4.167,4.263,1439455.37
2021-02-01,4.263,4.616,4.094,4.616,437158.49
2021-02-02,4.616,5.393,4.476,5.255,1033097.85
2021-02-03,5.255,5.783,5.077,5.736,1034840.35
2021-02-04,5.736,6.616,5.58,6.425,860541.08
2021-02-05,6.425,7.125,6.425,6.69,854836.91
2021-02-06,6.69,6.808,5.732,6.103,764218.54
2021-02-07,6.103,6.9,5.758,6.689,616638.29
2021-02-08,6.689,8.105,6.49,7.881,574707.56
2021-02-09,7.881,8.566,7.616,7.858,863891.5
2021-02-10,7.858,9.07,7.64,9.069,578521.83
2021-02-11,9.069,9.695,8.793,9.236,834063.84
2021-02-12,9.236,9.905,9.093,9.226,350351.49
2021-02-13,9.226,9.519,8.653,8.756,457473.27
2021-02-14,8.756,9.208,8.555,8.73,722328.49
2021-02-15,8.73,9.304,7.77,8.842,570407.09
2021-02-16,8.842,8.99,7.977,8.299,417433.57
2021-02-17,8.299,8.42,7.544,8.231,366103.63
2021-02-18,8.231,9.288,8.231,8.967,391615.58
2021-02-19,8.967,11.54,8.562,11.49,981582.69
2021-02-20,11.49,12.03,9.833,10.0,584433.99
2021-02-21,10.0,11.7,9.874,11.12,589611.02
2021-02-22,11.12,14.67,9.42,14.41,2204776.1
2021-02-23,14.41,15.83,11.67,15.21,2409768.35
2021-02-24,15.21,18.15,14.06,17.33,1327825.58
2021-02-25,17.33,17.74,13.79,13.8,1300050.6
2021-02-26,13.8,15.51,13.07,13.6,1041147.05
2021-02-27,13.6,14.78,13.03,13.19,568624.39
2021-02-28,13.19,13.94,11.46,13.07,1294846.97
2021-03-01,13.07,16.08,13.07,14.98,870671.54
2021-03-02,14.98,15.49,13.47,13.98,558524.77
2021-03-03,13.98,14.76,13.77,14.13,561517.14
2021-03-04,14.13,14.27,12.75,13.08,452931.62
2021-03-05,13.08,13.09,12.15,12.57,442876.3
2021-03-06,12.57,13.3,11.9,13.07,482722.34
2021-03-07,13.07,14.01,12.72,13.85,337355.9
2021-03-08,13.85,13.89,13.08,13.65,376503.25
2021-03-09,13.65,15.01,13.31,14.85,572308.7
2021-03-10,14.85,15.51,13.49,14.19,722236.38
2021-03-11,14.19,16.31,13.69,16.01,943467.96
2021-03-12,16.01,16.49,14.09,14.58,671884.43
2021-03-13,14.58,15.63,13.91,15.29,751813.27
2021-03-14,15.29,15.39,14.38,14.48,389263.09
2021-03-15,14.45,14.33,13.11,14.16,1183331.48
2021-03-16,14.16,14.29,13.23,13.64,540758.23
2021-03-17,13.64,14.93,14.02,14.22,1377046.64
2021-03-18,14.22,14.46,13.64,14.22,980687.41
2021-03-19,14.22,14.47,13.88,14.14,765715.33
2021-03-20,14.14,14.95,14.11,14.16,251538.77
2021-03-21,14.16,14.38,13.64,14.33,386272.78
2021-03-22,14.33,16.64,14.17,14.81,1251742.83
2021-03-23,14.81,15.21,14.06,14.16,701660.06
2021-03-24,14.16,15.34,13.59,13.59,569705.84
2021-03-25,13.59,13.68,12.58,13.0,648059.41
2021-03-26,13.0,14.79,12.29,14.77,697918.99
2021-03-27,14.77,16.81,14.74,16.47,1124818.37
2021-03-28,16.47,19.36,16.34,18.08,1299090.74
2021-03-29,18.08,19.01,17.67,18.92,905815.07
2021-03-30,18.92,20.86,18.9,19.1,968151.1
2021-03-31,19.1,19.81,18.06,19.42,791646.45
2021-04-01,19.42,20.76,18.77,19.04,900981.65
2021-04-02,19.04,19.81,18.55,19.77,581004.87
2021-04-03,19.77,23.8,19.74,22.44,2369795.47
2021-04-04,22.44,25.53,22.04,23.81,1419407.39
2021-04-05,23.81,24.76,22.77,22.99,1149970.78
2021-04-06,22.99,25.3,21.86,25.09,1246621.91
2021-04-07,25.09,27.56,22.97,26.54,2453668.76
2021-04-08,26.54,27.94,25.65,26.99,1255045.05
2021-04-09,26.99,28.98,26.83,27.67,942740.98
2021-04-10,27.67,28.24,25.95,26.78,1004785.46
2021-04-11,26.78,28.61,25.54,27.88,598627.16
2021-04-12,27.88,29.86,26.81,28.5,1053778.68
2021-04-13,28.5,28.72,26.39,27.48,960314.65
2021-04-14,27.48,27.58,24.7,26.41,1761317.29
2021-04-15,26.41,28.23,25.49,27.79,1051879.89
2021-04-16,27.79,28.23,24.92,25.33,1174847.23
2021-04-17,25.33,26.76,24.8,24.86,811164.23
2021-04-18,24.86,32.98,21.04,32.38,4449242.55
2021-04-19,32.38,35.99,29.98,31.58,3603042.41
2021-04-20,31.58,32.64,28.7,31.77,3506244.77
2021-04-21,31.77,35.05,30.19,32.62,2932890.59
2021-04-22,32.62,40.72,31.58,38.87,4871861.77
2021-04-23,38.87,41.15,31.46,37.21,5024183.78
2021-04-24,37.21,43.63,34.69,40.82,2503857.9
2021-04-25,40.82,48.54,40.46,47.59,2767776.2
2021-04-26,47.59,48.5,43.37,43.96,2026165.98
2021-04-27,43.96,46.59,42.58,43.26,1965346.81
2021-04-28,43.26,46.91,40.74,44.85,2259715.51
2021-04-29,44.85,46.09,40.8,42.55,2012003.39
2021-04-30,42.55,44.3,41.26,42.87,1810908.72
2021-05-01,42.87,49.89,42.04,49.58,1698768.57
2021-05-02,49.58,49.95,46.03,46.91,1109105.01
2021-05-03,46.91,49.28,44.73,46.06,1986200.26
2021-05-04,46.06,47.81,42.3,42.64,2116686.28
2021-05-05,42.64,46.41,42.32,44.98,1564779.69
2021-05-06,44.98,44.98,42.62,43.51,1333292.08
2021-05-07,43.51,46.23,41.5,43.21,1671360.8
2021-05-08,43.21,46.72,42.4,45.73,1325794.53
2021-05-09,45.73,47.15,43.01,44.35,1370324.94
2021-05-10,44.35,45.95,39.05,42.94,1796659.18
2021-05-11,42.94,45.17,39.66,44.64,1727664.46
2021-05-12,44.64,49.11,41.52,42.94,3452771.34
2021-05-13,42.94,45.44,37.45,41.0,3001169.46
2021-05-14,41.0,44.99,39.93,42.79,1144005.62
2021-05-15,42.79,45.57,39.41,43.46,1229205.14
2021-05-16,43.46,52.43,41.89,46.85,3991040.36
2021-05-17,46.85,51.91,43.18,46.65,4186321.81
2021-05-18,46.65,58.36,46.11,55.98,3375122.29
2021-05-19,55.98,57.59,29.55,34.96,8330583.33
2021-05-20,34.96,49.9,31.33,44.42,6470223.87
2021-05-21,44.42,47.73,33.65,38.91,4546336.16
2021-05-22,38.91,39.99,31.2,31.28,2782363.87
2021-05-23,31.28,32.38,19.19,24.53,9023107.03
2021-05-24,24.53,32.22,24.53,31.45,4401095.2
2021-05-25,31.45,33.19,25.99,30.08,3115883.69
2021-05-26,30.08,37.27,28.93,35.46,2946675.66
2021-05-27,35.46,35.64,31.13,33.71,2422605.7
2021-05-28,33.71,34.53,27.99,29.0,2392944.45
2021-05-29,29.0,30.06,25.73,27.39,1612794.22
2021-05-30,27.39,29.76,25.64,28.6,1183915.98
2021-05-31,28.6,33.0,27.52,32.78,1932934.24
2021-06-01,32.78,33.29,29.86,30.98,1470365.58
2021-06-02,30.98,34.98,30.43,33.98,1456207.79
2021-06-03,33.98,41.31,33.73,39.56,2431659.96
2021-06-04,39.56,39.69,34.26,37.42,2708196.58
2021-06-05,37.42,42.75,37.06,39.75,2655943.65
2021-06-06,39.75,43.42,38.98,42.23,1658051.62
2021-06-07,42.23,44.19,37.93,38.28,1985345.25
2021-06-08,38.28,42.8,33.6,41.26,4498051.54
2021-06-09,41.26,44.06,39.32,42.03,2405134.96
2021-06-10,42.03,43.04,39.53,41.09,1116008.11
2021-06-11,41.09,41.36,35.16,36.18,1477694.49
2021-06-12,36.18,37.62,34.24,36.48,1256201.43
2021-06-13,36.48,39.39,34.73,38.72,940217.48
2021-06-14,38.72,40.54,36.68,39.72,1103400.52
2021-06-15,39.72,41.72,39.18,39.55,1147151.19
2021-06-16,39.55,41.55,37.48,39.63,1311730.2
2021-06-17,39.63,41.21,38.22,39.22,1031647.81
2021-06-18,39.22,39.44,34.95,36.79,1030622.37
2021-06-19,36.79,37.31,34.91,35.19,661474.52
2021-06-20,35.19,35.94,31.24,35.25,1449187.07
2021-06-21,35.25,35.47,24.12,26.65,3244335.3
2021-06-22,26.65,28.78,20.24,26.98,5381171.54
2021-06-23,26.98,32.92,25.7,30.84,3249264.82
2021-06-24,30.84,32.97,28.5,31.18,1866038.0
2021-06-25,31.18,32.97,27.97,28.63,2175304.67
2021-06-26,28.63,30.01,26.71,29.67,1435240.28
2021-06-27,29.67,31.92,29.21,31.87,953135.29
2021-06-28,31.87,34.29,31.0,33.0,958431.21
2021-06-29,33.0,35.86,32.7,33.94,1224967.44
2021-06-30,33.94,35.98,31.6,35.53,1326093.36
2021-07-01,35.53,35.56,32.25,33.32,1269495.81
2021-07-02,33.32,34.09,31.41,34.0,1089627.84
2021-07-03,34.0,35.38,33.26,34.5,668440.22
2021-07-04,34.5,35.51,33.56,34.32,895870.86
2021-07-05,34.32,34.48,32.45,32.93,1168349.23
2021-07-06,32.93,35.04,32.92,34.23,1353754.79
2021-07-07,34.23,38.1,33.85,36.72,1355883.87
2021-07-08,36.72,36.95,32.69,33.14,1702731.69
2021-07-09,33.14,34.44,31.98,33.3,867011.16
2021-07-10,33.3,34.19,31.06,31.72,864822.22
2021-07-11,31.72,32.56,31.39,32.19,464786.07
2021-07-12,32.19,32.68,30.05,30.78,680194.17
2021-07-13,30.78,31.07,28.83,29.12,680800.49
2021-07-14,29.12,31.43,27.42,31.36,1174428.58
2021-07-15,31.36,31.49,27.99,28.55,1110600.24
2021-07-16,28.55,29.45,26.21,26.27,999549.01
2021-07-17,26.27,27.79,26.01,26.75,762997.38
2021-07-18,26.75,27.74,26.27,26.67,423806.17
2021-07-19,26.67,26.7,24.01,24.5,1155888.46
2021-07-20,24.5,24.98,22.12,23.46,1753645.93
2021-07-21,23.46,27.45,22.83,26.63,2398074.66
2021-07-22,26.63,28.18,25.94,27.71,2278680.45
2021-07-23,27.71,28.7,26.41,28.51,2168197.0
2021-07-24,28.51,29.49,28.04,28.65,1874624.23
2021-07-25,28.65,28.88,26.55,28.19,1491435.75
2021-07-26,28.19,31.09,27.89,28.22,3272152.31
2021-07-27,28.22,28.98,26.93,28.14,1686662.26
2021-07-28,28.14,28.76,27.38,27.88,1427384.06
2021-07-29,27.88,31.88,27.34,31.28,1756452.46
2021-07-30,31.28,33.07,30.0,32.38,2473189.37
2021-07-31,32.38,36.98,31.71,36.74,2269753.43
2021-08-01,36.74,36.81,33.27,34.2,1943016.4
2021-08-02,34.2,35.91,33.02,33.19,1655463.92
2021-08-03,33.19,35.84,32.37,34.11,2072424.22
2021-08-04,34.11,36.65,33.27,35.78,1690594.61
2021-08-05,35.78,38.24,35.51,37.37,2394914.68
2021-08-06,37.37,40.4,35.67,39.52,1914757.5
2021-08-07,39.52,40.5,37.58,39.48,1800881.38
2021-08-08,39.48,39.57,36.93,37.67,1005602.94
2021-08-09,37.67,40.03,36.37,38.69,1244065.55
2021-08-10,38.69,41.67,38.23,40.68,1742432.35
2021-08-11,40.68,43.76,40.63,41.66,1879170.1
2021-08-12,41.6,41.87,39.34,41.09,1137946.31
2021-08-13,41.09,44.95,40.71,44.89,1980361.7
2021-08-14,44.89,44.9,42.77,44.16,1074740.94
2021-08-15,44.16,54.75,43.42,53.53,4408258.04
2021-08-16,53.53,69.33,52.33,62.15,8950292.47
2021-08-17,62.15,75.0,58.81,64.18,10105322.08
2021-08-18,64.18,80.52,59.98,72.79,11285254.23
2021-08-19,72.79,75.34,68.39,72.82,5798645.5
2021-08-20,72.82,79.95,70.96,78.68,3092100.02
2021-08-21,78.68,81.92,72.69,73.89,1826225.86
2021-08-22,73.89,77.59,71.31,72.75,1505941.19
2021-08-23,72.75,76.74,71.6,75.66,2195895.01
2021-08-24,75.66,79.4,68.68,70.67,3371922.83
2021-08-25,70.67,72.78,66.2,71.94,2239961.7
2021-08-26,71.94,78.29,66.28,74.85,6427283.76
2021-08-27,74.85,88.87,72.65,88.11,4102933.7
2021-08-28,88.11,97.86,85.65,96.38,2293192.29
2021-08-29,96.38,97.82,90.66,94.29,1654595.15
2021-08-30,94.29,116.31,93.79,110.17,4652599.85
2021-08-31,110.17,130.0,103.13,108.34,6218170.37
2021-09-01,108.34,119.56,106.02,110.73,3350868.08
2021-09-02,110.73,132.08,109.37,128.29,6797626.5
2021-09-03,128.29,148.91,128.21,146.46,7050582.45
2021-09-04,146.46,150.67,136.03,139.0,2211486.59
2021-09-05,139.0,144.99,134.85,142.11,1679051.25
2021-09-06,142.11,166.06,137.68,164.31,2685095.43
2021-09-07,164.31,194.96,131.78,173.2,8272735.45
2021-09-08,173.2,197.94,146.72,191.01,11751900.24
2021-09-09,191.01,215.85,179.4,187.7,12250108.39
2021-09-10,187.7,197.27,168.1,179.5,7882931.45
2021-09-11,179.5,193.33,174.55,179.1,5607502.1
2021-09-12,179.1,181.57,167.49,174.4,3320191.23
2021-09-13,174.4,174.96,150.49,169.66,8147089.32
2021-09-14,169.66,171.84,142.51,158.92,8655147.38
2021-09-15,158.92,166.95,153.95,158.66,5295790.51
2021-09-16,158.66,163.09,147.43,152.11,4267437.38
2021-09-17,152.11,153.4,134.25,147.49,7165490.16
2021-09-18,147.49,171.55,144.27,169.36,6879081.22
2021-09-19,169.36,170.98,150.73,152.86,4423412.88
2021-09-20,152.86,153.41,130.49,132.08,9374408.49
2021-09-21,132.08,144.61,116.01,124.04,10171433.11
2021-09-22,124.04,151.98,122.14,148.18,8577111.52
2021-09-23,148.18,152.44,143.03,150.0,4625269.71
2021-09-24,150.0,151.29,128.52,139.28,5899901.53
2021-09-25,139.28,144.07,133.58,136.16,2719426.05
2021-09-26,136.16,140.82,124.9,135.84,3763786.53
2021-09-27,135.84,148.96,133.81,136.35,3921485.07
2021-09-28,136.35,139.41,128.14,132.21,3424594.77
2021-09-29,132.21,140.12,131.13,135.3,3284690.46
2021-09-30,135.3,142.94,134.11,141.32,2924528.18
2021-10-01,141.32,165.0,138.31,161.67,5106669.26
2021-10-02,161.67,175.03,156.24,168.99,3483482.2
2021-10-03,168.99,177.73,165.63,173.06,2932970.95
2021-10-04,173.06,173.11,162.29,167.21,3331902.94
2021-10-05,167.21,170.2,159.92,164.63,2988984.26
2021-10-06,164.63,165.48,150.33,153.92,4352374.82
2021-10-07,153.93,161.52,150.32,154.35,3248913.07
2021-10-08,154.29,168.88,152.44,158.83,3311719.52
2021-10-09,158.83,161.56,154.42,156.82,1840750.68
2021-10-10,156.82,158.49,145.84,147.67,1877292.65
2021-10-11,147.67,154.0,140.31,144.92,2680535.07
2021-10-12,144.92,153.44,137.7,152.43,4414004.21
2021-10-13,152.43,155.52,144.37,148.06,2773830.3
2021-10-14,148.06,155.65,147.35,150.01,2438329.44
2021-10-15,150.01,165.26,146.76,163.17,4295179.21
2021-10-16,163.17,164.76,156.63,157.56,1656278.36
2021-10-17,157.56,167.47,153.39,160.04,2219918.8
2021-10-18,160.04,162.92,154.97,157.15,1773640.5
2021-10-19,157.15,159.38,153.22,155.89,1513257.81
2021-10-20,155.89,176.89,155.16,176.81,3538555.61
2021-10-21,176.81,194.17,176.76,190.25,7126534.16
2021-10-22,190.25,215.0,188.1,196.22,7231885.34
2021-10-23,196.22,205.67,192.09,197.73,2980617.73
2021-10-24,197.73,204.89,185.34,202.3,3279917.64
2021-10-25,202.3,218.93,198.19,209.85,4092780.67
2021-10-26,209.85,214.04,196.52,199.72,3391463.69
2021-10-27,199.72,205.56,179.66,184.52,5303976.17
2021-10-28,184.52,201.53,181.77,194.85,4052313.36
2021-10-29,194.85,205.23,194.71,200.41,2627477.41
2021-10-30,200.41,200.63,187.51,195.91,1866159.22
2021-10-31,195.91,205.14,185.67,202.66,2680416.62
2021-11-01,202.66,211.66,198.05,203.51,3277868.31
2021-11-02,203.51,222.35,201.16,221.14,3195753.33
2021-11-03,221.14,246.51,216.07,243.02,5532527.74
2021-11-04,243.02,250.48,234.52,247.17,4054836.27
2021-11-05,247.17,248.41,230.68,236.34,2581878.07
2021-11-06,236.34,259.95,235.04,258.63,3077551.92
2021-11-07,258.63,258.81,245.9,249.76,2081450.07
2021-11-08,249.76,253.3,240.76,248.35,3177200.36
2021-11-09,248.35,253.17,237.5,239.03,2673010.87
2021-11-10,239.03,248.09,218.64,233.62,3860734.49
2021-11-11,233.62,246.46,229.6,233.51,2661561.89
2021-11-12,233.51,239.0,220.98,228.64,3181478.15
2021-11-13,228.64,241.92,224.99,241.66,2260636.61
2021-11-14,241.66,241.94,230.47,238.71,1703391.31
2021-11-15,238.71,246.33,234.5,238.17,2508954.5
2021-11-16,238.17,238.17,214.88,219.09,4193493.59
2021-11-17,219.09,222.24,209.95,218.95,3556315.05
2021-11-18,218.95,222.78,186.78,195.24,5601973.49
2021-11-19,195.24,219.74,189.18,215.39,3931207.66
2021-11-20,215.39,221.28,206.17,217.89,2113410.18
2021-11-21,217.89,235.71,210.44,230.56,2898523.22
2021-11-22,230.56,232.18,211.75,215.78,3594916.52
2021-11-23,215.78,226.17,211.04,221.94,2415707.59
2021-11-24,221.94,222.31,200.2,205.75,2912792.47
2021-11-25,205.75,216.48,202.06,210.06,2595187.94
2021-11-26,210.06,210.6,182.81,192.24,4638627.74
2021-11-27,192.24,199.47,190.69,193.0,1890558.94
2021-11-28,193.0,202.3,181.17,200.92,2570691.62
2021-11-29,200.92,212.94,199.87,204.22,3137423.53
2021-11-30,204.22,218.52,199.73,208.43,3871301.51
2021-12-01,208.43,232.51,207.77,229.91,4036783.81
2021-12-02,229.91,243.31,220.2,233.89,4024135.57
2021-12-03,233.89,239.63,206.22,211.87,4577358.88
2021-12-04,211.87,212.63,175.73,201.01,6745732.36
2021-12-05,201.01,204.66,181.28,196.74,3913687.98
2021-12-06,196.74,197.72,176.61,194.03,4427021.98
2021-12-07,194.03,204.27,188.08,190.38,3183358.65
2021-12-08,190.38,196.33,183.89,194.74,3128188.07
2021-12-09,194.74,196.81,178.8,181.41,2569585.5
2021-12-10,181.41,184.56,167.31,167.65,3011751.31
2021-12-11,167.65,173.8,161.48,172.08,2496572.94
2021-12-12,172.08,176.87,167.8,173.0,1456153.08
2021-12-13,173.0,173.0,148.1,155.15,4381779.71
2021-12-14,155.15,163.17,149.67,161.43,3265549.66
2021-12-15,161.43,183.17,156.91,178.55,4796467.85
2021-12-16,178.55,189.3,174.51,176.92,3367535.35
2021-12-17,176.92,182.47,168.15,175.65,3468871.36
2021-12-18,175.65,184.31,171.1,182.92,2018242.32
2021-12-19,182.92,189.39,178.49,180.02,1970904.87
2021-12-20,180.02,181.21,168.48,174.01,2637340.07
2021-12-21,174.01,182.64,170.29,179.76,2456350.42
2021-12-22,179.76,187.55,177.16,178.36,2685848.84
2021-12-23,178.36,193.64,175.73,190.12,2513810.33
2021-12-24,190.12,197.54,184.35,190.43,2478955.16
2021-12-25,190.43,195.3,189.33,193.05,1501231.88
2021-12-26,193.05,200.62,190.32,197.89,1642758.51
2021-12-27,197.89,204.79,194.9,195.73,1678870.83
2021-12-28,195.73,195.75,176.38,177.25,3269893.8
2021-12-29,177.25,180.62,170.16,170.62,2262570.7
2021-12-30,170.62,175.75,168.24,172.53,1670052.13
2021-12-31,172.53,177.68,167.68,169.93,2025499.07
2022-01-01,169.93,179.21,169.92,179.09,1251608.56
2022-01-02,179.09,179.5,174.41,176.4,952714.47
2022-01-03,176.4,176.48,166.68,170.08,1333457.09
2022-01-04,170.08,173.83,166.49,167.75,1494842.97
2022-01-05,167.75,171.28,145.02,154.36,2680080.83
2022-01-06,154.36,154.76,146.02,150.23,3122732.02
2022-01-07,150.23,150.64,133.79,136.39,4366669.92
2022-01-08,136.39,148.04,133.01,142.11,3303641.22
2022-01-09,142.11,145.65,137.88,140.77,1688640.76
2022-01-10,140.77,143.75,130.06,135.86,2913309.56
2022-01-11,135.86,143.51,133.65,140.25,2137379.33
2022-01-12,140.25,153.26,138.27,151.51,2634741.32
2022-01-13,151.51,157.85,145.59,146.2,2304542.8
2022-01-14,146.2,150.62,142.04,146.18,1968768.73
2022-01-15,146.18,149.59,144.08,147.74,1205217.01
2022-01-16,147.74,151.96,146.22,147.96,1136135.18
2022-01-17,147.96,148.29,137.15,139.84,1862106.92
2022-01-18,139.84,142.8,134.39,141.29,1591113.09
2022-01-19,141.29,142.74,132.83,135.3,1749348.4
2022-01-20,135.3,143.91,126.22,127.65,2105009.02
2022-01-21,127.65,129.09,106.16,112.47,7236896.26
2022-01-22,112.47,114.1,88.1,94.68,8025037.62
2022-01-23,94.68,104.74,93.34,99.81,4620279.84
2022-01-24,99.81,99.89,80.79,91.99,10200729.81
2022-01-25,91.99,100.01,87.48,94.65,5326542.53
2022-01-26,94.65,104.39,89.32,92.14,5826024.41
2022-01-27,92.14,94.62,85.71,89.56,4749368.92
2022-01-28,89.56,93.54,87.23,91.36,3666977.23
2022-01-29,91.36,98.94,90.54,96.16,2793510.06
2022-01-30,96.16,97.58,91.45,93.32,1585052.55
2022-01-31,93.32,101.39,89.12,99.54,3411154.68
2022-02-01,99.54,113.72,99.08,110.09,5768832.32
2022-02-02,110.09,112.45,96.96,101.89,5433172.66
2022-02-03,101.89,103.17,94.12,101.9,3885724.34
2022-02-04,101.9,112.89,100.39,112.58,4533303.57
2022-02-05,112.58,118.68,110.33,113.82,3014461.35
2022-02-06,113.82,116.12,111.67,115.33,1876530.04
2022-02-07,115.33,121.97,112.8,117.57,3378636.62
2022-02-08,117.57,120.32,109.78,113.42,3673823.13
2022-02-09,113.42,117.2,109.41,114.04,2231067.8
2022-02-10,114.04,114.97,105.79,106.18,3141348.8
2022-02-11,106.18,108.36,95.2,96.52,3453354.14
2022-02-12,96.52,99.87,92.91,95.96,2102748.72
2022-02-13,95.96,97.39,91.42,92.9,1527140.92
2022-02-14,92.9,97.95,90.83,96.43,2302296.29
2022-02-15,96.43,105.83,96.39,105.54,2704152.24
2022-02-16,105.54,105.63,98.33,101.94,2346126.46
2022-02-17,101.94,102.84,92.39,93.58,2363581.59
2022-02-18,93.58,96.43,89.36,89.93,2120906.04
2022-02-19,89.93,92.73,88.71,91.31,1409586.68
2022-02-20,91.31,93.94,85.69,90.75,2278454.28
2022-02-21,90.75,96.16,82.73,82.99,3552014.4
2022-02-22,82.99,87.59,81.06,86.44,2741442.98
2022-02-23,86.44,93.34,84.44,84.61,3114172.53
2022-02-24,84.61,92.69,75.43,89.41,6479419.89
2022-02-25,89.41,95.05,86.88,92.84,3290008.11
2022-02-26,92.84,95.16,89.29,90.29,1715257.81
2022-02-27,90.29,92.23,84.18,85.66,2150633.07
2022-02-28,85.66,102.36,84.21,99.75,3958430.64
2022-03-01,99.75,101.88,94.39,98.65,4154598.01
2022-03-02,98.65,106.37,96.85,100.75,4188167.49
2022-03-03,100.75,101.71,94.1,95.6,2857170.17
2022-03-04,95.6,95.88,87.03,88.24,3364188.85
2022-03-05,88.24,91.15,86.08,89.61,1897965.55
2022-03-06,89.61,89.9,84.19,84.55,1968497.64
2022-03-07,84.55,86.58,79.99,81.88,3078668.7
2022-03-08,81.88,84.98,81.39,82.31,2587208.78
2022-03-09,82.31,89.75,82.03,88.07,3082107.44
2022-03-10,88.07,88.61,80.99,82.93,2639976.68
2022-03-11,82.93,84.28,80.09,80.67,2335757.93
2022-03-12,80.67,82.72,80.64,81.41,986033.7
2022-03-13,81.41,83.17,77.92,78.76,1397728.17
2022-03-14,78.76,82.23,78.07,81.26,2057242.39
2022-03-15,81.26,85.88,78.91,82.85,2053275.42
2022-03-16,82.85,87.99,81.55,87.84,2670711.27
2022-03-17,87.84,90.99,86.68,87.88,2666800.89
2022-03-18,87.88,91.99,84.53,89.81,2851086.63
2022-03-19,89.81,94.55,89.3,92.41,2347265.39
2022-03-20,92.41,92.53,87.97,88.6,1482330.23
2022-03-21,88.6,91.22,86.92,88.65,1914287.05
2022-03-22,88.65,93.96,88.05,90.47,2154288.29
2022-03-23,90.47,96.27,89.35,94.89,2731648.64
2022-03-24,94.89,103.71,93.53,102.39,4089391.01
2022-03-25,102.39,104.86,97.12,98.65,3046836.01
2022-03-26,98.65,103.39,97.72,101.79,1579057.63
2022-03-27,101.79,107.44,98.89,107.08,1848093.43
2022-03-28,107.08,113.84,105.22,105.93,3789805.17
2022-03-29,105.93,115.65,105.61,111.78,3752495.0
2022-03-30,111.78,124.56,107.16,120.64,5027797.39
2022-03-31,120.64,129.36,120.01,122.84,4696609.63
2022-04-01,122.84,138.44,117.78,134.54,4926559.2
2022-04-02,134.54,143.54,131.44,132.51,3046967.66
2022-04-03,132.51,140.98,130.68,136.91,2338332.21
2022-04-04,136.91,138.28,125.91,132.13,2843077.66
2022-04-05,132.13,136.63,126.09,126.83,2299734.15
2022-04-06,126.83,127.39,112.16,112.99,4569271.9
2022-04-07,112.99,119.96,110.96,118.6,3114696.24
2022-04-08,118.6,122.41,108.15,109.97,2925969.97
2022-04-09,109.97,113.67,108.32,112.96,1431350.79
2022-04-10,112.96,116.04,109.8,111.02,1440484.57
2022-04-11,111.02,111.94,98.2,99.65,3451969.52
2022-04-12,99.65,109.36,98.41,103.26,3272285.41
2022-04-13,103.26,106.0,100.12,104.97,2089342.4
2022-04-14,104.97,107.7,99.04,100.77,2192369.54
2022-04-15,100.77,102.88,99.57,101.35,1243368.3
2022-04-16,101.35,103.48,100.81,102.1,887451.98
2022-04-17,102.1,105.44,99.68,100.18,1304675.94
2022-04-18,100.18,102.66,94.85,102.37,2338578.72
2022-04-19,102.37,108.82,101.06,108.61,2099411.03
2022-04-20,108.61,110.91,104.35,105.59,2217785.11
2022-04-21,105.59,109.98,100.03,101.77,2703924.74
2022-04-22,101.77,103.55,99.23,100.54,1843644.35
2022-04-23,100.54,102.89,98.37,100.61,1182997.21
2022-04-24,100.61,102.25,98.64,99.23,1160303.89
2022-04-25,99.23,101.58,94.35,100.99,2125118.08
2022-04-26,100.99,101.98,94.68,95.71,1725073.17
2022-04-27,95.71,100.76,94.93,98.34,1833285.69
2022-04-28,98.34,100.54,96.35,98.22,1884973.97
2022-04-29,98.22,98.64,92.34,93.93,2112680.59
2022-04-30,93.93,94.93,82.03,84.65,1959304.12
2022-05-01,84.65,93.11,84.17,89.68,2200709.16
2022-05-02,89.68,90.86,85.08,87.47,2287116.25
2022-05-03,87.47,88.78,84.64,85.84,1604810.84
2022-05-04,85.84,93.03,85.46,92.75,2575033.7
2022-05-05,92.75,95.17,81.42,84.51,3625715.75
2022-05-06,84.51,84.75,79.94,81.65,3616134.95
2022-05-07,81.65,82.27,77.19,78.83,2005037.19
2022-05-08,78.83,79.34,73.71,75.31,2819493.28
2022-05-09,75.31,77.19,61.79,62.11,7246994.55
2022-05-10,62.11,74.03,60.24,66.85,8663155.94
2022-05-11,66.85,68.35,43.12,50.82,15957352.44
2022-05-12,50.82,53.97,35.95,44.58,15723015.66
2022-05-13,44.58,56.27,43.83,48.86,9887539.42
2022-05-14,48.86,53.7,45.87,52.34,5575843.92
2022-05-15,52.34,59.19,49.59,58.74,4954718.77
2022-05-16,58.74,58.75,51.87,53.69,6021129.02
2022-05-17,53.69,58.14,53.03,57.02,4589718.32
2022-05-18,57.02,57.82,49.39,49.83,5825637.82
2022-05-19,49.83,53.99,48.22,52.12,6696296.07
2022-05-20,52.12,53.57,47.76,49.37,6039991.39
2022-05-21,49.37,51.16,48.38,50.25,2759420.15
2022-05-22,50.25,53.12,49.64,52.46,3090112.37
2022-05-23,52.46,54.61,48.58,49.1,5180556.16
2022-05-24,49.1,50.78,47.06,49.63,5369431.22
2022-05-25,49.63,50.48,47.52,47.92,3530159.51
2022-05-26,47.92,48.59,41.69,43.43,7628786.37
2022-05-27,43.43,43.89,39.97,41.1,7870479.44
2022-05-28,41.1,44.99,40.25,44.22,4074352.34
2022-05-29,44.22,45.56,41.8,44.92,4412964.61
2022-05-30,44.92,48.32,44.23,47.18,5901925.14
2022-05-31,47.18,48.17,44.56,45.74,5493551.75
2022-06-01,45.74,46.1,39.59,40.09,6914733.13
2022-06-02,40.09,41.55,38.11,40.82,7651208.5
2022-06-03,40.82,41.51,37.66,38.23,6611299.02
2022-06-04,38.23,39.46,35.72,38.97,5090195.02
2022-06-05,38.97,40.17,37.83,38.49,4268920.92
2022-06-06,38.49,44.65,38.31,42.36,8284132.85
2022-06-07,42.36,42.65,37.36,39.29,8130121.86
2022-06-08,39.29,40.89,38.29,38.79,5050369.27
2022-06-09,38.79,41.9,38.41,39.93,5339044.2
2022-06-10,39.93,40.87,36.81,37.12,5668853.14
2022-06-11,37.12,37.88,33.15,33.86,5160406.77
2022-06-12,33.86,34.4,30.54,30.59,7401821.94
2022-06-13,30.59,31.05,26.02,28.54,17083003.9
2022-06-14,28.54,32.2,25.84,29.51,13870923.1
2022-06-15,29.51,34.8,26.75,34.71,13304097.12
2022-06-16,34.71,35.9,29.53,30.08,10637248.82
2022-06-17,30.08,32.08,29.23,30.67,6623005.68
2022-06-18,30.67,31.97,27.06,31.97,10519503.65
2022-06-19,31.97,35.31,28.69,34.16,9151416.16
2022-06-20,34.16,36.84,31.7,35.22,9285359.44
2022-06-21,35.22,39.11,34.2,36.37,7527384.28
2022-06-22,36.37,36.84,33.61,34.07,7898802.12
2022-06-23,34.07,38.57,33.89,38.13,7421955.3
2022-06-24,38.13,42.87,37.65,41.87,6783655.3
2022-06-25,41.87,42.56,39.73,42.2,4770586.29
2022-06-26,42.2,42.45,39.16,39.38,5251937.14
2022-06-27,39.38,41.22,37.96,38.46,5915709.95
2022-06-28,38.46,39.85,35.04,35.29,7448287.03
2022-06-29,35.29,36.05,33.09,33.96,8380803.43
2022-06-30,33.96,34.14,30.88,33.74,9061004.01
2022-07-01,33.74,35.34,31.75,32.8,8383772.89
2022-07-02,32.8,34.09,31.82,33.32,3350056.32
2022-07-03,33.32,33.63,32.11,33.36,2677536.45
2022-07-04,33.36,36.89,32.42,36.68,4387571.81
2022-07-05,36.68,36.93,33.11,35.37,6889458.52
2022-07-06,35.37,37.57,34.78,37.01,6261211.67
2022-07-07,37.01,39.23,36.37,38.46,4946490.06
2022-07-08,38.46,39.81,36.45,38.11,6270203.11
2022-07-09,38.11,38.88,37.76,38.05,3005204.91
2022-07-10,38.05,38.12,36.26,36.66,2970464.22
2022-07-11,36.66,36.71,33.23,33.4,5402759.69
2022-07-12,33.4,34.56,32.57,32.66,5210730.13
2022-07-13,32.66,35.03,31.85,34.93,7858859.19
2022-07-14,34.93,37.26,33.56,37.13,7284823.22
2022-07-15,37.13,39.07,36.52,37.37,5896972.54
2022-07-16,37.37,40.45,36.36,39.59,4951313.7
2022-07-17,39.59,41.07,38.3,38.62,4661533.32
2022-07-18,38.62,44.04,38.55,43.54,7088381.74
2022-07-19,43.54,47.45,42.56,44.88,9663727.44
2022-07-20,44.88,46.32,41.27,42.03,8465412.99
2022-07-21,42.03,44.07,39.67,43.11,8199665.44
2022-07-22,43.11,44.32,40.04,40.55,5679068.23
2022-07-23,40.55,41.92,38.62,39.98,3944732.24
2022-07-24,39.98,42.09,39.48,40.96,3293822.63
2022-07-25,40.96,41.1,36.58,36.6,6038450.63
2022-07-26,36.6,36.81,34.68,36.27,5542444.4
2022-07-27,36.27,40.54,35.68,40.24,6778777.45
2022-07-28,40.24,44.19,39.05,42.94,8461346.65
2022-07-29,42.94,44.4,41.18,41.93,6428823.87
2022-07-30,41.93,46.68,41.46,43.85,6641146.16
2022-07-31,43.85,45.21,42.24,42.37,4126065.16
2022-08-01,42.37,43.26,40.61,41.66,4605572.28
2022-08-02,41.66,42.43,39.53,39.75,4882067.06
2022-08-03,39.75,41.02,37.48,38.57,9655666.41
2022-08-04,38.57,39.82,37.96,38.82,3664255.31
2022-08-05,38.82,41.34,38.71,40.56,4532903.94
2022-08-06,40.56,40.91,39.85,40.07,1978716.3
2022-08-07,40.07,41.55,39.22,40.62,2224721.28
2022-08-08,40.62,43.69,40.56,42.22,4151072.14
2022-08-09,42.22,42.76,39.76,40.35,3761403.08
2022-08-10,40.35,42.87,39.17,42.48,5284120.12
2022-08-11,42.48,45.33,42.37,42.8,5127216.02
2022-08-12,42.8,45.53,42.18,45.52,4054602.07
2022-08-13,45.52,48.4,45.31,46.6,4669543.99
2022-08-14,46.6,48.07,44.58,44.87,3875796.32
2022-08-15,44.87,47.24,42.76,43.73,5378678.81
2022-08-16,43.73,44.31,42.56,43.09,4289771.2
2022-08-17,43.09,44.72,40.18,40.53,6378033.61
2022-08-18,40.53,41.67,39.34,39.51,4087320.14
2022-08-19,39.51,39.59,35.57,35.82,9636616.35
2022-08-20,35.82,37.26,34.19,35.28,6485931.35
2022-08-21,35.28,37.03,34.54,36.48,5197128.58
2022-08-22,36.48,36.54,33.76,35.42,6004047.83
2022-08-23,35.42,36.1,34.24,35.65,3802784.16
2022-08-24,35.65,36.39,34.31,34.88,3915754.42
2022-08-25,34.88,36.48,34.87,35.28,3414272.79
2022-08-26,35.28,35.78,31.37,31.73,5745895.83
2022-08-27,31.73,32.24,30.87,31.52,3343498.15
2022-08-28,31.52,32.21,30.13,30.43,2632653.67
2022-08-29,30.43,32.64,29.97,32.43,4901131.73
2022-08-30,32.43,33.07,30.64,31.47,4502789.86
2022-08-31,31.47,32.96,31.18,31.49,3939540.22
2022-09-01,31.49,31.78,30.44,31.6,3324450.67
2022-09-02,31.6,32.38,30.77,31.24,3251834.15
2022-09-03,31.24,31.28,30.81,31.11,1415262.06
2022-09-04,31.11,32.19,31.03,32.16,1523749.06
2022-09-05,32.16,32.52,31.15,32.17,2294101.71
2022-09-06,32.17,33.86,30.46,30.89,4955734.88
2022-09-07,30.89,32.93,30.32,32.7,2967920.3
2022-09-08,32.7,34.0,32.02,33.61,3740679.48
2022-09-09,33.61,35.95,33.6,34.69,4467169.9
2022-09-10,34.69,35.42,34.29,35.06,2248530.79
2022-09-11,35.06,35.99,34.08,35.01,2375829.52
2022-09-12,35.01,38.37,34.42,37.46,5923504.29
2022-09-13,37.46,38.96,32.94,32.99,7027248.59
2022-09-14,32.99,34.34,32.71,34.12,3459539.29
2022-09-15,34.12,34.86,32.29,33.07,4107770.09
2022-09-16,33.07,33.25,31.54,32.24,3036014.19
2022-09-17,32.24,33.89,32.22,33.69,1554348.99
2022-09-18,33.69,33.99,30.87,31.1,2453159.56
2022-09-19,31.1,33.08,30.62,32.63,3758734.2
2022-09-20,32.63,32.88,31.31,31.42,3079926.81
2022-09-21,31.42,33.44,30.04,30.69,4800958.2
2022-09-22,30.69,32.86,30.59,32.42,2971806.03
2022-09-23,32.42,33.96,31.21,33.66,4031557.19
2022-09-24,33.66,34.76,33.15,33.39,3117720.63
2022-09-25,33.39,34.03,31.9,32.33,2335663.47
2022-09-26,32.33,33.95,31.88,33.88,3450053.67
2022-09-27,33.88,35.41,32.08,32.68,4957169.43
2022-09-28,32.68,33.8,31.64,33.23,4160654.58
2022-09-29,33.23,34.41,32.65,33.93,3824365.0
2022-09-30,33.93,35.2,32.62,33.25,4900983.57
2022-10-01,33.25,33.25,32.37,32.44,1668638.88
2022-10-02,32.44,33.02,31.91,32.06,1966178.92
2022-10-03,32.06,33.26,31.8,32.9,2530711.35
2022-10-04,32.9,34.4,32.84,34.11,3154929.7
2022-10-05,34.11,34.38,33.21,34.05,2644378.06
2022-10-06,34.05,34.5,33.27,33.36,3039589.7
2022-10-07,33.36,33.77,32.43,32.99,2406636.6
2022-10-08,32.99,33.07,32.37,32.59,1138635.51
2022-10-09,32.59,33.13,32.45,32.93,1090694.8
2022-10-10,32.93,33.45,31.93,31.95,2100371.15
2022-10-11,31.95,31.95,30.42,30.79,2880240.79
2022-10-12,30.79,31.54,30.67,31.16,1639042.35
2022-10-13,31.16,31.2,27.75,30.51,6157619.3
2022-10-14,30.51,31.98,29.64,30.0,3301617.74
2022-10-15,30.0,30.2,29.45,29.59,1339443.2
2022-10-16,29.59,30.52,29.56,30.16,1199882.76
2022-10-17,30.16,31.29,29.84,31.21,2100002.76
2022-10-18,31.21,31.48,29.74,30.14,2583935.82
2022-10-19,30.14,30.26,28.62,28.85,2560474.34
2022-10-20,28.85,29.47,27.97,28.01,3564702.97
2022-10-21,28.01,28.28,26.84,28.1,4297208.38
2022-10-22,28.1,28.22,27.49,28.01,1550004.68
2022-10-23,28.01,29.42,27.74,29.28,2371333.82
2022-10-24,29.28,29.49,28.17,28.3,2442548.31
2022-10-25,28.3,32.35,28.06,30.88,6811146.06
2022-10-26,30.88,32.12,30.65,31.29,4160813.15
2022-10-27,31.29,32.36,30.47,30.58,4972863.78
2022-10-28,30.58,32.55,30.12,32.07,3850018.25
2022-10-29,32.07,33.84,31.87,32.88,3681764.34
2022-10-30,32.88,33.54,31.95,32.94,2370113.95
2022-10-31,32.94,34.39,32.21,32.56,4599455.56
2022-11-01,32.56,33.39,32.16,32.2,2431250.21
2022-11-02,32.2,32.93,30.23,30.81,4482963.46
2022-11-03,30.81,32.24,30.61,30.85,2758395.0
2022-11-04,30.85,34.21,30.66,33.74,4730919.64
2022-11-05,33.74,38.74,33.67,36.89,6897046.2
2022-11-06,36.89,37.05,32.34,32.62,5215033.95
2022-11-07,32.62,33.12,28.15,29.62,9225208.37
2022-11-08,29.62,31.63,21.5,24.02,27262061.11
2022-11-09,24.02,24.03,12.08,14.17,32460754.83
2022-11-10,14.17,19.08,12.9,17.6,15923673.39
2022-11-11,17.6,18.25,15.15,16.35,7488574.0
2022-11-12,16.35,16.38,14.44,14.55,3578610.42
2022-11-13,14.55,14.71,13.02,13.17,4152013.85
2022-11-14,13.17,14.98,12.21,13.98,6128751.66
2022-11-15,13.98,15.09,13.8,14.29,4462120.79
2022-11-16,14.29,14.6,13.62,14.27,2735986.74
2022-11-17,14.27,14.51,12.92,13.64,4540401.29
2022-11-18,13.64,13.87,12.98,13.25,2519974.82
2022-11-19,13.25,13.26,12.58,12.82,1902620.53
2022-11-20,12.82,13.57,12.11,12.26,2780345.81
2022-11-21,12.26,12.27,11.26,11.83,4065932.9
2022-11-22,11.83,12.5,10.94,12.43,4671563.83
2022-11-23,12.43,14.46,12.39,14.34,7013958.68
2022-11-24,14.34,14.93,13.84,14.59,4307954.01
2022-11-25,14.59,14.6,13.89,14.01,2666032.73
2022-11-26,14.01,14.95,13.96,14.17,2511676.18
2022-11-27,14.17,14.44,14.05,14.1,2105273.36
2022-11-28,14.1,14.17,12.78,13.33,4711437.14
2022-11-29,13.33,13.95,13.15,13.34,2323948.83
2022-11-30,13.34,14.32,13.23,14.15,3469156.43
2022-12-01,14.15,14.19,13.4,13.52,1998841.1
2022-12-02,13.52,13.81,13.33,13.72,1575573.25
2022-12-03,13.72,13.77,13.22,13.3,905101.96
2022-12-04,13.3,13.75,13.27,13.71,864389.92
2022-12-05,13.71,14.16,13.59,13.82,2146357.91
2022-12-06,13.82,14.38,13.81,14.29,2152398.03
2022-12-07,14.29,14.33,13.44,13.5,1902068.76
2022-12-08,13.5,13.78,13.27,13.69,1252396.78
2022-12-09,13.69,14.02,13.5,13.58,1330607.05
2022-12-10,13.58,13.72,13.54,13.57,550796.26
2022-12-11,13.57,13.8,13.39,13.43,827453.16
2022-12-12,13.43,13.48,12.84,13.32,2085456.34
2022-12-13,13.32,14.15,12.78,13.89,2992939.19
2022-12-14,13.89,14.95,13.81,14.12,4189087.53
2022-12-15,14.12,14.52,13.87,14.04,2511806.69
2022-12-16,14.04,14.17,11.99,12.24,4570261.87
2022-12-17,12.24,12.55,11.94,12.51,2981168.51
2022-12-18,12.51,12.61,12.27,12.37,1399964.88
2022-12-19,12.37,12.59,11.67,11.94,2992173.62
2022-12-20,11.94,12.48,11.83,12.26,2459396.5
2022-12-21,12.26,12.29,11.9,12.14,1956364.44
2022-12-22,12.14,12.19,11.67,11.81,2686800.17
2022-12-23,11.81,12.11,11.72,11.78,1938721.32
2022-12-24,11.78,11.79,11.12,11.45,3016872.26
2022-12-25,11.45,11.55,11.24,11.39,1011401.14
2022-12-26,11.39,11.49,11.06,11.33,1632701.61
2022-12-27,11.33,11.44,10.72,11.09,2679692.08
2022-12-28,11.09,11.12,9.421,9.759,8263399.01
2022-12-29,9.759,10.82,8.028,9.641,11474675.57
2022-12-30,9.641,10.23,9.03,9.909,12938619.99
2022-12-31,9.909,10.18,9.659,9.952,4003762.59
2023-01-01,9.952,10.08,9.7,9.99,3717429.17
2023-01-02,9.99,11.97,9.791,11.28,6930407.48
2023-01-03,11.28,13.8,11.01,13.39,10274568.45
2023-01-04,13.39,14.22,12.82,13.44,10543054.16
2023-01-05,13.44,13.86,12.95,13.43,4946914.33
2023-01-06,13.43,13.59,12.69,13.5,5090840.98
2023-01-07,13.5,13.5,13.01,13.1,1903347.69
2023-01-08,13.1,14.87,12.85,14.45,5128425.36
2023-01-09,14.45,17.52,14.29,16.26,16507038.83
2023-01-10,16.26,16.73,15.57,16.21,7263067.41
2023-01-11,16.21,16.6,15.29,16.37,5770927.92
2023-01-12,16.37,16.97,15.59,16.6,7520429.1
2023-01-13,16.6,18.6,16.32,18.29,7751192.4
2023-01-14,18.29,24.72,18.21,24.24,19047944.18
2023-01-15,24.24,24.91,21.99,22.88,9730791.48
2023-01-16,22.88,25.0,22.27,23.58,8315802.17
2023-01-17,23.58,23.95,22.72,22.89,5233561.56
2023-01-18,22.89,23.62,20.34,20.81,9877415.06
2023-01-19,20.81,21.86,20.43,21.4,4845438.93
2023-01-20,21.4,25.81,20.93,25.54,7144165.43
2023-01-21,25.54,26.46,24.38,24.57,7960756.56
2023-01-22,24.57,25.43,23.52,24.22,5113072.36
2023-01-23,24.22,24.93,23.76,24.35,4270924.46
2023-01-24,24.35,25.21,22.41,22.77,3774704.92
2023-01-25,22.77,25.41,22.24,24.51,5284710.97
2023-01-26,24.51,25.22,23.79,24.35,3024929.42
2023-01-27,24.35,24.95,23.36,24.44,3618766.16
2023-01-28,24.44,25.19,23.74,24.01,1813018.67
2023-01-29,24.01,26.76,23.73,26.08,4025288.24
2023-01-30,26.08,26.32,23.29,23.97,4465263.73
2023-01-31,23.97,24.46,23.49,23.93,2511422.16
2023-02-01,23.93,25.2,22.51,25.0,4564231.8
2023-02-02,25.0,26.14,24.12,24.32,4348122.0
2023-02-03,24.32,25.22,24.05,24.68,2855668.52
2023-02-04,24.68,24.94,24.2,24.36,935122.41
2023-02-05,24.36,24.47,23.05,23.49,1790002.54
2023-02-06,23.49,23.73,22.51,22.69,1538910.85
2023-02-07,22.69,23.96,22.55,23.84,2381944.06
2023-02-08,23.84,24.2,22.81,23.22,1778403.82
2023-02-09,23.22,23.34,20.01,20.47,3179112.6
2023-02-10,20.47,21.21,19.71,20.13,2528073.07
2023-02-11,20.13,20.92,20.11,20.82,1019733.58
2023-02-12,20.82,22.43,20.63,21.51,1900438.7
2023-02-13,21.51,21.6,19.76,20.78,2763693.25
2023-02-14,20.78,22.38,20.69,21.85,3127307.48
2023-02-15,21.85,23.98,21.46,23.87,2839483.85
2023-02-16,23.87,24.15,22.21,22.26,3444216.87
2023-02-17,22.26,23.56,22.04,23.17,2109039.54
2023-02-18,23.17,23.92,22.93,23.47,1228432.23
2023-02-19,23.47,25.63,23.22,24.85,3095573.15
2023-02-20,24.85,27.11,24.13,26.26,4632944.61
2023-02-21,26.26,26.61,24.5,24.98,3199162.9
2023-02-22,24.98,25.23,23.22,24.17,3502880.85
2023-02-23,24.17,24.7,23.61,23.92,2043966.7
2023-02-24,23.92,24.14,22.49,23.08,2139995.26
2023-02-25,23.07,23.33,21.46,22.4,1497905.13
2023-02-26,22.4,23.53,22.24,23.28,1304479.62
2023-02-27,23.28,23.41,22.33,22.67,1973417.58
2023-02-28,22.67,22.77,21.8,21.88,1713390.02
2023-03-01,21.88,22.89,21.7,22.51,1434134.22
2023-03-02,22.51,22.66,21.69,21.99,1416151.15
2023-03-03,21.99,22.01,20.4,21.42,2171732.67
2023-03-04,21.42,21.61,20.3,20.99,764652.14
2023-03-05,20.99,21.67,20.84,20.97,1581049.91
2023-03-06,20.97,21.16,20.48,20.62,1826091.23
2023-03-07,20.62,20.95,19.73,20.24,2629195.67
2023-03-08,20.24,20.38,18.14,18.42,4279252.34
2023-03-09,18.42,18.75,16.73,17.35,5920710.97
2023-03-10,17.35,18.41,16.02,18.24,7733108.26
2023-03-11,18.24,19.12,17.05,18.21,3772210.37
2023-03-12,18.21,20.63,17.88,20.32,4075182.7
2023-03-13,20.32,21.47,18.9,20.47,7637676.58
2023-03-14,20.47,22.19,19.85,20.93,6614947.51
2023-03-15,20.93,21.55,18.77,19.32,5266573.96
2023-03-16,19.32,19.95,18.97,19.72,3042224.88
2023-03-17,19.72,21.71,19.47,21.65,4509074.52
2023-03-18,21.65,22.92,21.12,21.26,4461864.14
2023-03-19,21.26,22.49,21.25,21.91,2423668.46
2023-03-20,21.91,23.97,21.45,22.2,6932667.31
2023-03-21,22.2,23.37,21.61,22.61,4607824.98
2023-03-22,22.61,23.12,21.01,21.46,5038675.7
2023-03-23,21.46,22.77,21.16,22.21,3432875.38
2023-03-24,22.21,22.3,20.29,20.68,3855459.85
2023-03-25,20.68,20.98,20.13,20.44,1062418.1
2023-03-26,20.44,21.16,20.32,20.96,869407.51
2023-03-27,20.96,20.99,19.4,19.9,1756147.27
2023-03-28,19.9,20.84,19.63,20.45,1803506.26
2023-03-29,20.45,21.54,20.44,21.1,1701115.2
2023-03-30,21.1,21.67,20.18,20.55,2366467.04
2023-03-31,20.55,21.47,20.07,21.18,1407617.34
2023-04-01,21.18,21.33,20.8,21.09,592761.54
2023-04-02,21.09,21.3,20.27,20.53,715367.03
2023-04-03,20.53,21.0,19.99,20.46,2415569.79
2023-04-04,20.46,21.25,20.31,20.92,1402483.73
2023-04-05,20.92,21.34,20.6,20.97,1714081.53
2023-04-06,20.97,20.99,20.47,20.62,1020641.45
2023-04-07,20.62,20.78,20.25,20.45,847016.28
2023-04-08,20.45,20.73,19.9,20.04,1044891.29
2023-04-09,20.04,20.44,19.91,20.3,538604.59
2023-04-10,20.3,20.96,20.1,20.92,1381946.13
2023-04-11,20.92,23.72,20.84,23.01,5608131.28
2023-04-12,23.01,24.46,22.35,23.82,4964985.22
2023-04-13,23.82,25.28,23.67,24.46,2798703.2
2023-04-14,24.46,25.51,23.77,24.74,3760093.83
2023-04-15,24.74,24.81,23.84,24.07,1355818.97
2023-04-16,24.07,25.49,23.86,25.37,1625974.06
2023-04-17,25.37,26.01,24.36,24.59,3259936.44
2023-04-18,24.59,25.45,24.0,24.83,2170782.91
2023-04-19,24.83,24.99,22.04,22.69,3985053.68
2023-04-20,22.69,23.16,21.58,22.2,3492673.13
2023-04-21,22.2,22.4,21.01,21.26,2615328.96
2023-04-22,21.26,21.98,21.06,21.8,950674.06
2023-04-23,21.8,22.24,20.98,21.47,1124806.65
2023-04-24,21.47,22.0,21.02,21.39,1394822.59
2023-04-25,21.39,21.95,20.75,21.94,1475990.8
2023-04-26,21.94,22.96,20.43,21.28,2877703.99
2023-04-27,21.28,22.54,21.2,22.33,2199862.29
2023-04-28,22.33,23.5,22.19,23.36,2361233.18
2023-04-29,23.36,23.82,22.95,23.2,1246144.51
2023-04-30,23.2,23.97,22.7,22.73,1372844.49
2023-05-01,22.73,22.88,21.59,21.97,1929816.28
2023-05-02,21.97,22.4,21.76,22.27,1310200.69
2023-05-03,22.27,22.3,21.25,22.24,1728560.62
2023-05-04,22.24,22.53,21.63,21.74,1275932.05
2023-05-05,21.74,23.07,21.66,22.85,2098591.65
2023-05-06,22.85,23.27,21.63,21.97,1641310.48
2023-05-07,21.97,22.8,21.69,21.7,1444135.14
2023-05-08,21.7,21.85,20.06,20.69,2754289.26
2023-05-09,20.69,21.06,20.4,20.69,1170238.48
2023-05-10,20.69,21.32,19.99,20.94,2069780.53
2023-05-11,20.94,20.95,19.8,20.2,1571469.04
2023-05-12,20.2,20.97,19.83,20.92,1961429.09
2023-05-13,20.92,21.29,20.79,20.85,896741.65
2023-05-14,20.85,21.26,20.64,20.94,820782.42
2023-05-15,20.94,21.52,20.62,20.99,1661879.18
2023-05-16,20.99,21.14,20.44,20.68,1562256.05
2023-05-17,20.68,21.19,20.43,21.06,1359624.9
2023-05-18,21.06,21.09,20.1,20.34,1563014.63
2023-05-19,20.34,20.58,20.24,20.35,598027.59
2023-05-20,20.35,20.36,20.12,20.28,589006.63
2023-05-21,20.28,20.39,19.44,19.62,875157.36
2023-05-22,19.62,20.02,19.31,19.53,1295260.86
2023-05-23,19.53,20.17,19.42,20.03,1164625.73
2023-05-24,20.03,20.06,18.78,19.22,1609688.29
2023-05-25,19.22,19.54,18.8,19.25,941891.4
2023-05-26,19.25,19.56,19.09,19.36,580973.24
2023-05-27,19.36,20.53,19.34,20.44,693897.83
2023-05-28,20.44,21.18,20.31,20.82,1122610.37
2023-05-29,20.82,20.99,20.28,20.59,971645.92
2023-05-30,20.59,21.43,20.48,21.27,1940379.13
2023-05-31,21.27,21.34,20.41,20.82,1220068.9
2023-06-01,20.82,20.99,20.43,20.51,915884.5
2023-06-02,20.51,21.37,20.32,21.26,1072349.98
2023-06-03,21.26,21.36,20.99,21.21,585145.78
2023-06-04,21.21,22.31,21.05,21.82,1339500.05
2023-06-05,21.82,22.06,19.23,20.02,3154591.96
2023-06-06,20.02,20.7,19.26,20.4,2091853.4
2023-06-07,20.4,20.54,18.53,18.63,2314791.72
2023-06-08,18.63,19.1,18.26,18.89,907949.52
2023-06-09,18.89,19.36,17.11,17.4,2121056.34
2023-06-10,17.4,17.41,13.13,15.64,5812236.49
2023-06-11,15.64,16.17,15.13,15.55,1411842.79
2023-06-12,15.55,15.68,14.75,15.18,1420312.63
2023-06-13,15.18,15.99,14.77,15.03,1422396.31
2023-06-14,15.03,15.35,14.12,14.48,1261873.28
2023-06-15,14.48,15.05,14.17,14.77,1283928.79
2023-06-16,14.77,15.45,14.43,15.32,1447075.02
2023-06-17,15.32,16.1,15.16,15.65,861853.97
2023-06-18,15.65,15.84,15.31,15.43,491829.19
2023-06-19,15.43,16.13,15.36,16.1,733133.44
2023-06-20,16.1,16.68,15.73,16.65,1517960.76
2023-06-21,16.65,17.41,16.57,17.24,2236078.72
2023-06-22,17.24,17.74,16.58,16.64,1315581.03
2023-06-23,16.64,17.55,16.19,17.15,2379666.35
2023-06-24,17.15,17.53,16.43,16.66,1235574.01
2023-06-25,16.66,17.38,16.58,16.97,1147278.85
2023-06-26,16.97,17.12,15.95,16.28,1436529.07
2023-06-27,16.28,16.93,16.14,16.63,1294930.16
2023-06-28,16.63,16.64,15.7,15.98,1747808.88
2023-06-29,15.98,18.27,15.87,17.99,2625741.97
2023-06-30,17.99,19.99,17.11,18.86,3056516.32
2023-07-01,18.86,19.01,17.91,18.71,1014465.05
2023-07-02,18.71,19.73,18.55,19.46,1577118.75
2023-07-03,19.46,19.65,18.87,19.27,1005093.69
2023-07-04,19.27,19.94,19.08,19.15,1029507.55
2023-07-05,19.15,19.39,18.45,19.0,1162282.9
2023-07-06,19.0,20.97,18.75,19.61,3637283.11
2023-07-07,19.61,21.7,19.27,21.51,3377031.9
2023-07-08,21.51,22.46,21.32,21.82,1959912.0
2023-07-09,21.82,22.35,21.01,21.33,1182257.39
2023-07-10,21.33,21.8,20.51,21.3,2078003.91
2023-07-11,21.3,22.34,21.22,22.07,1390885.71
2023-07-12,22.07,22.74,21.77,21.93,2038635.95
2023-07-13,21.93,26.79,21.44,26.02,4578046.59
2023-07-14,26.02,32.06,25.25,26.7,5914617.83
2023-07-15,26.7,29.1,26.51,27.45,2780586.56
2023-07-16,27.45,28.61,26.54,27.43,2089861.89
2023-07-17,27.43,28.47,25.61,26.83,2941926.93
2023-07-18,26.83,27.09,24.76,25.56,2439766.61
2023-07-19,25.56,26.99,25.37,26.31,2475618.52
2023-07-20,26.31,27.35,25.05,25.36,2241363.03
2023-07-21,25.36,26.01,25.07,25.51,1304691.93
2023-07-22,25.51,25.97,24.09,24.52,938917.66
2023-07-23,24.52,25.25,24.16,24.76,1196929.41
2023-07-24,24.76,24.83,22.87,23.37,1723093.66
2023-07-25,23.37,24.0,22.75,23.29,1322488.01
2023-07-26,23.29,25.65,23.18,25.18,2122730.31
2023-07-27,25.18,25.65,24.68,25.1,1602133.72
2023-07-28,25.1,25.52,24.52,24.81,1367070.84
2023-07-29,24.81,25.38,24.74,25.16,766106.34
2023-07-30,25.16,25.21,23.55,24.25,1208100.93
2023-07-31,24.25,24.79,23.54,23.72,1307825.71
2023-08-01,23.72,24.05,22.81,24.05,1443334.09
2023-08-02,24.05,24.27,22.87,23.14,1324116.92
2023-08-03,23.14,23.38,22.49,22.62,995059.72
2023-08-04,22.62,23.55,22.5,22.77,1252802.79
2023-08-05,22.77,22.91,22.22,22.63,561125.87
2023-08-06,22.63,23.44,22.57,23.18,797415.07
2023-08-07,23.18,23.61,22.33,23.11,817463.93
2023-08-08,23.11,24.77,23.01,24.21,1786984.87
2023-08-09,24.21,25.0,24.1,24.37,1347180.87
2023-08-10,24.37,24.88,24.11,24.59,788164.54
2023-08-11,24.59,24.89,24.32,24.61,820520.52
2023-08-12,24.61,25.18,24.38,24.91,643368.17
2023-08-13,24.91,24.94,24.19,24.21,512075.85
2023-08-14,24.21,25.28,24.05,25.17,1242430.01
2023-08-15,25.17,25.34,23.72,23.88,1419406.92
2023-08-16,23.88,24.0,22.38,22.79,1634691.24
2023-08-17,22.79,23.4,20.27,21.69,2361854.32
2023-08-18,21.69,22.19,20.92,21.33,1416246.63
2023-08-19,21.33,22.16,21.29,21.89,630110.33
2023-08-20,21.89,22.03,21.58,21.77,397985.71
2023-08-21,21.77,21.77,20.35,21.2,1222088.13
2023-08-22,21.2,21.27,19.37,20.56,1454890.19
2023-08-23,20.56,21.81,20.38,21.73,1538625.65
2023-08-24,21.73,22.02,20.68,21.05,1116271.21
2023-08-25,21.05,21.05,20.08,20.42,938883.12
2023-08-26,20.42,20.43,20.18,20.28,288121.33
2023-08-27,20.28,20.9,20.23,20.79,421942.32
2023-08-28,20.79,20.79,20.03,20.55,747164.4
2023-08-29,20.55,22.02,20.11,21.79,2009874.66
2023-08-30,21.79,21.99,20.61,20.82,1126289.83
2023-08-31,20.82,21.05,19.43,19.73,2036894.53
2023-09-01,19.73,19.92,19.03,19.32,1308254.33
2023-09-02,19.32,19.68,19.14,19.49,477963.05
2023-09-03,19.49,19.66,19.24,19.57,480251.45
2023-09-04,19.57,20.02,19.18,19.51,732674.12
2023-09-05,19.51,20.57,19.04,20.26,1607009.67
2023-09-06,20.26,20.37,19.15,19.64,1185166.35
2023-09-07,19.64,19.99,19.32,19.91,889595.8
2023-09-08,19.91,20.28,19.36,19.61,808577.24
2023-09-09,19.61,19.61,19.37,19.44,321230.59
2023-09-10,19.44,19.44,17.81,18.24,1945067.71
2023-09-11,18.24,18.45,17.36,17.72,1976191.67
2023-09-12,17.72,18.78,17.57,17.92,1802892.84
2023-09-13,17.92,18.56,17.69,18.4,1793641.37
2023-09-14,18.4,19.32,18.4,18.86,1430116.4
2023-09-15,18.86,19.49,18.56,19.14,1214263.19
2023-09-16,19.14,19.44,18.88,19.13,551791.81
2023-09-17,19.13,19.14,18.66,18.82,378311.32
2023-09-18,18.82,20.14,18.61,19.66,1611968.16
2023-09-19,19.66,20.38,19.58,20.04,1062962.62
2023-09-20,20.04,20.51,19.81,20.29,1284276.46
2023-09-21,20.29,20.3,19.28,19.46,1467070.34
2023-09-22,19.46,19.79,19.17,19.42,820242.58
2023-09-23,19.42,19.57,19.29,19.48,431831.79
2023-09-24,19.48,19.67,19.22,19.36,410654.26
2023-09-25,19.36,19.74,19.1,19.39,858896.0
2023-09-26,19.39,19.51,18.84,19.02,846679.45
2023-09-27,19.02,19.46,18.74,19.12,1372952.7
2023-09-28,19.12,20.03,19.09,19.98,1544820.78
2023-09-29,19.98,20.45,19.86,20.27,905087.12
2023-09-30,20.27,21.79,20.09,21.36,1321666.39
2023-10-01,21.36,24.46,21.14,23.86,2233871.47
2023-10-02,23.86,24.74,22.92,23.36,2408171.34
2023-10-03,23.36,24.73,23.23,23.61,1850792.47
2023-10-04,23.61,23.83,22.61,23.14,1435741.8
2023-10-05,23.14,23.88,22.59,22.69,1162725.38
2023-10-06,22.69,23.76,22.67,23.43,1178779.29
2023-10-07,23.43,24.18,23.11,23.31,739403.07
2023-10-08,23.31,23.64,23.09,23.24,440585.97
2023-10-09,23.24,23.37,21.65,22.1,1136882.41
2023-10-10,22.1,22.48,21.71,22.11,774347.69
2023-10-11,22.11,22.4,21.61,22.01,1142643.46
2023-10-12,22.01,22.03,20.96,21.29,916509.56
2023-10-13,21.29,22.19,21.11,21.84,870966.29
2023-10-14,21.84,22.23,21.81,22.0,396634.65
2023-10-15,22.0,22.17,21.67,21.94,529238.23
2023-10-16,21.94,24.79,21.91,23.97,2541698.47
2023-10-17,23.97,24.55,23.49,23.95,1674379.25
2023-10-18,23.95,24.41,23.36,23.42,1420938.64
2023-10-19,23.42,25.62,23.15,24.94,2406067.46
2023-10-20,24.94,27.43,24.75,27.04,3468950.93
2023-10-21,27.04,30.27,26.67,29.33,2991552.15
2023-10-22,29.33,30.01,28.1,29.05,1608197.72
2023-10-23,29.05,32.73,28.76,31.92,4378223.71
2023-10-24,31.92,32.58,29.53,30.18,4102788.47
2023-10-25,30.18,33.87,30.01,32.44,3634002.55
2023-10-26,32.44,33.26,30.73,32.77,3602522.13
2023-10-27,32.77,33.34,31.31,31.74,2602715.95
2023-10-28,31.74,32.51,31.41,31.65,895214.24
2023-10-29,31.65,33.16,31.31,32.84,1709954.89
2023-10-30,32.84,35.31,32.47,34.95,2933481.31
2023-10-31,34.95,38.6,34.85,38.43,4650049.16
2023-11-01,38.43,46.84,37.95,41.17,8116786.07
2023-11-02,41.17,44.56,38.67,40.25,4749394.27
2023-11-03,40.25,40.25,38.05,39.48,3296064.46
2023-11-04,39.48,42.75,39.02,42.44,2287886.52
2023-11-05,42.44,42.86,40.3,41.2,2111833.09
2023-11-06,41.2,42.21,39.7,42.17,2754587.45
2023-11-07,42.17,44.74,40.12,42.95,4781663.11
2023-11-08,42.95,43.87,42.28,43.13,2380040.47
2023-11-09,43.13,48.87,42.53,45.31,6781704.76
2023-11-10,45.31,57.63,45.08,56.72,7278326.54
2023-11-11,56.72,63.93,53.63,56.34,7115870.27
2023-11-12,56.34,61.88,54.54,56.3,5073260.37
2023-11-13,56.3,59.83,51.6,51.61,5403756.91
2023-11-14,51.61,57.93,51.31,56.83,5262722.34
2023-11-15,56.83,67.14,56.16,65.5,5620312.18
2023-11-16,65.5,68.16,56.39,57.78,6712799.49
2023-11-17,57.78,60.54,54.13,58.54,4487250.02
2023-11-18,58.54,59.38,54.74,58.58,2839537.88
2023-11-19,58.58,62.18,56.67,61.13,3337724.11
2023-11-20,61.13,61.34,56.04,56.6,3374622.1
2023-11-21,56.6,57.39,51.31,51.66,3993313.41
2023-11-22,51.66,58.93,51.49,57.58,3451493.22
2023-11-23,57.58,59.56,56.16,56.46,2295819.29
2023-11-24,56.46,58.76,56.19,56.86,2232457.82
2023-11-25,56.86,59.76,55.91,58.83,2067644.77
2023-11-26,58.83,59.06,56.18,57.57,1776284.86
2023-11-27,57.57,58.05,53.5,55.07,2500264.88
2023-11-28,55.07,58.7,53.95,58.21,2347668.64
2023-11-29,58.21,61.79,57.75,59.29,3214181.98
2023-11-30,59.29,61.69,58.77,59.28,1684249.99
2023-12-01,59.28,61.89,58.64,59.78,1933755.73
2023-12-02,59.78,63.92,59.7,63.71,1942632.97
2023-12-03,63.71,65.54,62.27,63.0,2599233.83
2023-12-04,63.0,65.24,59.47,61.58,3982968.5
2023-12-05,61.58,62.56,59.14,61.01,2436850.56
2023-12-06,61.01,66.61,61.01,61.86,3825390.72
2023-12-07,61.86,69.41,61.65,67.78,4060250.22
2023-12-08,67.78,75.3,67.78,74.94,4191094.5
2023-12-09,74.94,77.75,71.63,72.25,3662524.57
2023-12-10,72.25,74.87,70.67,74.81,2448216.03
2023-12-11,74.81,74.93,65.87,70.24,4436831.66
2023-12-12,70.24,72.44,65.75,68.54,3105047.56
2023-12-13,68.54,73.26,63.76,70.63,3170616.88
2023-12-14,70.63,76.23,68.45,75.68,3034526.84
2023-12-15,75.68,79.44,72.09,72.52,3412317.82
2023-12-16,72.52,77.17,71.18,73.67,2435607.52
2023-12-17,73.67,74.9,70.42,70.77,2008361.11
2023-12-18,70.77,75.46,67.08,74.41,3100244.04
2023-12-19,74.41,76.3,71.78,73.02,2419136.85
2023-12-20,73.02,84.12,72.96,82.23,4832819.52
2023-12-21,82.23,95.61,81.09,93.89,4945843.27
2023-12-22,93.89,99.54,90.34,98.01,5020448.85
2023-12-23,98.01,110.0,92.93,107.95,3597164.57
2023-12-24,107.95,118.04,107.41,112.54,5562390.38
2023-12-25,112.54,125.95,108.04,120.95,4275805.98
2023-12-26,120.95,121.32,102.17,112.48,5175768.18
2023-12-27,112.48,115.32,104.83,106.93,3771780.65
2023-12-28,106.93,109.66,97.11,101.85,4160920.18
2023-12-29,101.85,109.92,99.56,106.19,3904141.42
2023-12-30,106.19,107.42,100.74,101.9,1142643.64
2023-12-31,101.9,105.14,99.44,101.73,1494163.59
2024-01-01,101.73,110.25,101.48,110.02,1753352.59
2024-01-02,110.02,117.0,106.05,106.76,3028143.75
2024-01-03,106.76,109.96,84.21,98.59,4773846.78
2024-01-04,98.59,108.13,96.77,105.02,2585745.87
2024-01-05,105.02,105.48,95.4,100.01,2281511.48
2024-01-06,100.01,100.31,91.66,93.83,1636157.59
2024-01-07,93.83,96.81,87.87,89.49,2094142.32
2024-01-08,89.49,99.98,85.49,98.01,4173838.33
2024-01-09,98.01,104.15,95.45,99.45,3129752.84
2024-01-10,99.45,105.6,92.23,102.01,3474342.48
2024-01-11,102.01,107.19,97.55,99.9,3594533.54
2024-01-12,99.9,100.47,86.94,92.06,2731880.98
2024-01-13,92.06,97.29,89.53,95.84,1888782.34
2024-01-14,95.84,104.4,93.68,93.8,2987574.61
2024-01-15,93.8,96.89,93.01,94.32,1536863.86
2024-01-16,94.32,98.69,94.1,97.59,1246224.56
2024-01-17,97.59,102.7,96.72,102.07,2974026.0
2024-01-18,102.07,103.45,91.48,94.31,2507855.75
2024-01-19,94.31,95.34,87.02,93.59,2574171.47
2024-01-20,93.59,94.13,90.17,92.75,907320.39
2024-01-21,92.75,93.85,90.74,91.0,707411.46
2024-01-22,91.0,91.83,82.01,83.74,2534638.92
2024-01-23,83.74,85.87,78.91,84.29,2763767.53
2024-01-24,84.29,89.37,83.29,88.74,2063990.75
2024-01-25,88.74,89.54,85.07,86.86,1575341.86
2024-01-26,86.86,93.68,85.91,92.23,1916390.82
2024-01-27,92.23,94.62,90.69,94.26,1151145.31
2024-01-28,94.26,99.42,93.48,95.97,1942018.87
2024-01-29,95.97,101.95,95.07,101.67,2399982.82
2024-01-30,101.67,106.39,100.99,101.4,2865235.34
2024-01-31,101.4,102.72,95.89,96.89,3299222.52
2024-02-01,96.89,98.84,93.02,97.78,2899480.93
2024-02-02,97.78,102.47,97.4,100.51,2381171.63
2024-02-03,100.51,101.15,96.62,97.9,1251226.24
2024-02-04,97.9,98.51,95.08,95.42,916263.67
2024-02-05,95.42,98.57,94.14,95.5,1360129.72
2024-02-06,95.5,97.87,93.1,96.85,1832377.68
2024-02-07,96.85,101.5,94.6,101.11,1675225.09
2024-02-08,101.11,105.13,100.54,102.79,2961750.19
2024-02-09,102.79,109.13,102.79,106.96,2689589.25
2024-02-10,106.96,110.97,106.94,109.07,1753730.3
2024-02-11,109.07,110.68,107.33,107.48,1135456.26
2024-02-12,107.48,112.24,103.46,111.73,2235550.7
2024-02-13,111.73,115.1,108.36,112.57,2138076.66
2024-02-14,112.57,118.71,110.7,117.11,1901125.78
2024-02-15,117.11,118.44,111.61,113.61,1958978.0
2024-02-16,113.61,114.28,108.03,110.4,1408956.63
2024-02-17,110.4,111.13,105.68,108.96,822029.62
2024-02-18,108.96,114.05,107.57,112.24,960396.13
2024-02-19,112.24,114.86,110.83,111.55,1284460.86
2024-02-20,111.55,112.1,103.88,108.35,2014368.68
2024-02-21,108.35,108.38,100.22,105.06,1858687.39
2024-02-22,105.06,107.07,101.48,101.69,1537293.27
2024-02-23,101.69,103.05,98.71,99.89,1093369.63
2024-02-24,99.89,104.74,98.5,104.04,864089.21
2024-02-25,104.04,104.38,102.08,103.47,612514.78
2024-02-26,103.47,110.82,100.32,109.97,2201116.73
2024-02-27,109.97,112.48,105.4,108.42,2166597.78
2024-02-28,108.42,118.98,107.38,118.98,4063477.99
2024-02-29,118.98,134.67,117.35,125.7,5232885.6
2024-03-01,125.7,137.78,125.69,129.52,3056433.36
2024-03-02,129.52,131.68,127.44,130.15,1729633.33
2024-03-03,130.15,132.19,124.87,130.25,1631666.87
2024-03-04,130.25,134.99,127.68,133.36,2761772.61
2024-03-05,133.36,142.73,109.61,125.58,5819194.17
2024-03-06,125.58,134.92,120.3,130.89,2960573.63
2024-03-07,130.89,149.62,130.71,144.07,4344593.82
2024-03-08,144.07,152.94,142.01,145.11,2858030.19
2024-03-09,145.11,149.44,144.02,144.58,1037218.87
2024-03-10,144.58,148.71,140.67,144.56,1396613.74
2024-03-11,144.56,150.14,137.06,148.87,2595829.07
2024-03-12,148.87,154.99,141.84,151.05,3186761.63
2024-03-13,151.05,166.88,148.82,163.93,2784396.44
2024-03-14,163.93,178.29,159.2,176.64,3815862.32
2024-03-15,176.64,188.85,164.95,183.84,5992284.32
2024-03-16,183.84,197.8,176.91,181.95,4152263.36
2024-03-17,181.95,204.17,178.58,201.69,3190995.11
2024-03-18,201.69,209.86,193.87,195.91,3655288.14
2024-03-19,195.91,198.63,165.62,169.91,5486398.45
2024-03-20,169.91,193.24,162.49,191.92,4067827.52
2024-03-21,191.92,195.72,175.88,179.44,2530828.31
2024-03-22,179.44,181.81,167.64,175.17,1892655.19
2024-03-23,175.17,178.93,170.28,172.72,1348782.66
2024-03-24,172.72,186.75,171.44,183.79,1516114.9
2024-03-25,183.79,194.53,181.02,189.01,2348938.53
2024-03-26,189.01,196.81,186.31,190.47,1793107.63
2024-03-27,190.47,192.63,180.1,186.23,2075050.92
2024-03-28,186.23,190.93,180.77,189.67,1565753.27
2024-03-29,189.67,193.04,183.31,192.19,1480147.05
2024-03-30,192.19,199.96,190.97,194.28,1358815.59
2024-03-31,194.28,203.1,193.84,202.43,1217337.57
2024-04-01,202.43,204.24,187.09,192.35,1936685.59
2024-04-02,192.35,192.37,175.94,181.52,2429746.49
2024-04-03,181.52,191.96,177.05,185.14,1509273.86
2024-04-04,185.14,190.17,180.32,184.09,1393893.78
2024-04-05,184.09,185.17,168.07,174.46,2150780.64
2024-04-06,174.46,179.78,173.65,178.74,982039.9
2024-04-07,178.74,182.66,176.92,179.52,1043669.45
2024-04-08,179.52,184.59,175.38,180.69,1700654.25
2024-04-09,180.69,180.87,168.99,172.32,1489940.97
2024-04-10,172.32,175.48,162.41,173.35,1767500.77
2024-04-11,173.35,176.27,170.11,172.43,1084052.19
2024-04-12,172.43,175.93,143.03,153.29,2793661.28
2024-04-13,153.29,154.93,119.92,138.51,5183207.43
2024-04-14,138.51,152.73,130.98,151.45,3060845.3
2024-04-15,151.45,156.1,133.77,138.59,2606283.33
2024-04-16,138.59,140.62,126.6,136.27,2511647.93
2024-04-17,136.27,142.72,126.91,131.89,2474683.0
2024-04-18,131.89,143.88,127.74,142.1,2328264.63
2024-04-19,142.1,147.57,128.54,142.53,3269355.56
2024-04-20,142.53,152.39,139.82,151.28,1221880.92
2024-04-21,151.28,153.53,146.77,148.78,1033411.12
2024-04-22,148.78,158.47,146.85,157.03,1565457.45
2024-04-23,157.03,160.0,153.18,154.68,1446174.78
2024-04-24,154.68,159.74,145.54,147.72,2002425.53
2024-04-25,147.72,149.44,142.11,144.85,1651204.31
2024-04-26,144.85,146.06,138.68,139.16,1020844.52
2024-04-27,139.16,142.96,133.18,141.23,1034367.21
2024-04-28,141.23,144.58,137.11,137.97,774685.91
2024-04-29,137.97,138.89,133.42,137.74,1126367.32
2024-04-30,137.74,139.72,121.13,126.68,2242350.91
2024-05-01,126.68,135.81,118.58,134.49,2509638.42
2024-05-02,134.49,140.69,128.18,137.62,1806862.74
2024-05-03,137.62,145.02,134.03,143.73,1771387.91
2024-05-04,143.73,149.07,142.36,146.05,823296.62
2024-05-05,146.05,147.98,143.15,145.73,741723.68
2024-05-06,145.73,156.84,145.48,152.82,1613718.71
2024-05-07,152.82,159.2,148.0,148.03,1383916.77
2024-05-08,148.03,149.89,139.98,142.15,1370735.76
2024-05-09,142.15,153.29,140.59,152.57,1297903.53
2024-05-10,152.57,155.68,144.6,146.03,1716642.31
2024-05-11,146.03,147.61,143.11,145.37,857719.99
2024-05-12,145.37,147.64,142.61,143.39,626949.61
2024-05-13,143.39,150.7,137.88,147.47,1601373.72
2024-05-14,147.47,150.35,141.79,141.97,1115060.66
2024-05-15,141.97,158.82,141.25,158.57,1980437.1
2024-05-16,158.57,164.72,156.7,159.34,1750109.58
2024-05-17,159.34,172.05,159.34,169.5,1555327.37
2024-05-18,169.5,175.96,168.73,172.47,920162.26
2024-05-19,172.47,175.37,166.2,169.94,762244.06
2024-05-20,169.94,188.29,167.76,186.75,1832806.48
2024-05-21,186.75,188.83,174.32,178.15,1848219.23
2024-05-22,178.15,183.39,175.03,176.86,1696007.5
2024-05-23,176.86,180.9,165.8,176.09,2332480.33
2024-05-24,176.09,176.09,162.5,167.7,1620585.84
2024-05-25,167.7,170.46,165.96,168.33,676355.6
2024-05-26,168.33,168.36,160.63,163.26,1519908.61
2024-05-27,163.26,172.09,163.23,170.01,872094.57
2024-05-28,170.01,173.07,164.8,168.53,1005203.81
2024-05-29,168.53,173.75,167.07,168.11,1256094.22
2024-05-30,168.11,172.51,163.52,166.86,1255495.65
2024-05-31,166.86,170.84,163.8,165.52,1055671.13
2024-06-01,165.52,167.79,165.5,165.99,366238.04
2024-06-02,165.99,166.95,161.31,163.04,702823.99
2024-06-03,163.04,167.14,161.54,164.89,1037787.02
2024-06-04,164.89,171.87,164.37,171.81,927988.54
2024-06-05,171.81,175.57,171.12,173.57,1051601.86
2024-06-06,173.57,174.51,167.64,170.07,865751.05
2024-06-07,170.07,172.64,153.73,162.48,1532446.36
2024-06-08,162.48,163.73,157.36,157.79,602441.74
2024-06-09,157.79,162.97,156.55,162.1,417124.57
2024-06-10,162.1,163.19,157.46,158.98,576995.75
2024-06-11,158.98,159.63,145.04,149.36,1809030.57
2024-06-12,149.36,161.8,145.51,155.17,1434670.41
2024-06-13,155.17,155.17,146.0,147.24,1056130.41
2024-06-14,147.24,148.9,139.62,143.01,1454718.75
2024-06-15,143.01,145.63,142.88,145.45,394805.22
2024-06-16,145.45,151.21,143.01,151.2,507453.59
2024-06-17,151.2,151.65,139.84,143.23,1026864.9
2024-06-18,143.23,143.71,128.22,137.37,2499013.66
2024-06-19,137.37,141.86,134.48,135.62,1076874.68
2024-06-20,135.62,141.26,131.84,133.48,1439640.8
2024-06-21,133.48,135.3,128.65,134.55,1529054.56
2024-06-22,134.55,136.64,132.95,133.66,412998.18
2024-06-23,133.66,135.04,128.1,128.59,649901.97
2024-06-24,128.59,132.54,122.23,132.26,2787124.17
2024-06-25,132.26,139.87,131.16,136.54,1867930.93
2024-06-26,136.54,140.35,134.73,136.71,931544.42
2024-06-27,136.71,151.07,135.11,149.49,1566974.43
2024-06-28,149.49,150.54,138.75,139.73,1588510.88
2024-06-29,139.73,142.94,139.49,139.97,975415.72
2024-06-30,139.97,147.38,136.94,146.4,1012727.42
2024-07-01,146.4,149.06,145.69,146.52,1250396.3
2024-07-02,146.52,154.78,146.01,153.79,1090729.48
2024-07-03,153.79,154.22,139.02,140.69,1978500.21
2024-07-04,140.69,142.6,127.19,127.81,1911620.7
2024-07-05,127.81,136.35,121.19,134.33,2600896.01
2024-07-06,134.33,144.2,132.4,143.07,1011886.77
2024-07-07,143.07,143.34,131.2,131.59,1100386.76
2024-07-08,131.59,141.86,127.87,139.78,1764410.06
2024-07-09,139.78,144.22,136.47,141.42,1109717.02
2024-07-10,141.42,146.26,138.61,142.01,935921.33
2024-07-11,142.01,145.93,135.7,135.71,1274719.19
2024-07-12,135.71,140.64,133.99,139.55,1116717.5
2024-07-13,139.55,143.58,138.04,141.95,589537.44
2024-07-14,141.95,148.58,141.94,147.72,965298.37
2024-07-15,147.72,160.06,147.11,159.54,1515441.83
2024-07-16,159.54,162.61,152.66,160.65,1575760.66
2024-07-17,160.65,163.8,154.61,155.5,1276102.91
2024-07-18,155.5,161.61,155.2,159.2,849519.0
2024-07-19,159.2,172.37,156.21,169.2,1943663.78
2024-07-20,169.2,175.03,167.34,173.68,895305.94
2024-07-21,173.68,185.03,170.56,184.5,1323988.99
2024-07-22,184.5,184.92,176.81,178.98,1057469.43
2024-07-23,178.98,180.59,170.49,172.93,1242711.45
2024-07-24,172.93,182.49,171.0,178.03,1427355.02
2024-07-25,178.03,179.58,165.37,171.83,1895710.28
2024-07-26,171.83,183.62,171.75,183.08,1380729.85
2024-07-27,183.08,188.28,178.16,183.77,1472782.14
2024-07-28,183.77,186.62,181.19,184.91,693004.06
2024-07-29,184.91,193.87,181.63,182.52,1910355.43
2024-07-30,182.52,184.63,175.39,179.1,1443675.5
2024-07-31,179.1,184.39,171.58,171.64,1765368.42
2024-08-01,171.64,172.88,157.79,167.26,2701209.73
2024-08-02,167.26,169.28,149.82,152.58,2582825.41
2024-08-03,152.58,153.8,139.84,142.46,1926909.86
2024-08-04,142.46,145.96,131.31,138.24,2633519.29
2024-08-05,138.24,139.24,110.02,129.81,9973609.16
2024-08-06,129.81,149.54,129.44,144.51,3358246.0
2024-08-07,144.51,155.05,142.36,144.71,3163232.4
2024-08-08,144.71,163.66,141.45,163.18,3478204.64
2024-08-09,163.18,163.56,150.84,156.32,2235297.07
2024-08-10,156.32,158.77,152.67,154.05,779645.13
2024-08-11,154.05,157.99,141.26,141.57,1397735.1
2024-08-12,141.57,150.97,141.27,146.37,1799398.16
2024-08-13,146.37,149.88,143.01,146.71,1077534.94
2024-08-14,146.71,152.17,142.48,143.79,1552824.8
2024-08-15,143.79,147.58,137.86,142.57,1965963.0
2024-08-16,142.57,144.85,136.12,139.1,1431065.91
2024-08-17,139.1,142.0,137.69,141.94,478414.97
2024-08-18,141.94,147.07,140.65,142.45,1366331.33
2024-08-19,142.45,146.2,140.46,144.34,885423.23
2024-08-20,144.34,148.86,141.03,142.3,1218594.1
2024-08-21,142.3,144.41,138.87,142.8,1231560.73
2024-08-22,142.8,144.86,140.72,143.25,716055.37
2024-08-23,143.25,154.1,142.81,153.36,1535431.53
2024-08-24,153.36,162.32,152.08,160.72,1454794.5
2024-08-25,160.72,161.98,155.33,158.99,797224.43
2024-08-26,158.99,161.97,155.64,157.15,1062067.2
2024-08-27,157.15,159.69,145.08,146.85,1465382.08
2024-08-28,146.85,148.78,140.59,143.93,1537817.61
2024-08-29,143.93,147.33,138.15,140.05,1125510.87
2024-08-30,140.05,141.1,132.14,138.0,1376556.59
2024-08-31,138.0,139.16,134.55,135.34,354474.97
2024-09-01,135.34,136.08,127.83,128.53,1216975.6
2024-09-02,128.53,135.37,127.02,134.96,1183346.55
2024-09-03,134.96,137.39,127.09,127.52,1165428.32
2024-09-04,127.52,134.95,122.73,133.61,1836824.01
2024-09-05,133.61,135.41,127.93,129.39,1035997.45
2024-09-06,129.39,134.34,120.62,125.02,2510204.74
2024-09-07,125.02,129.46,124.15,127.7,582582.28
2024-09-08,127.7,131.64,126.64,130.1,643881.63
2024-09-09,130.1,137.05,127.0,135.08,1365701.25
2024-09-10,135.08,137.95,132.57,135.63,930112.07
2024-09-11,135.63,135.9,128.22,132.43,1119510.64
2024-09-12,132.43,136.72,132.4,136.07,1052971.05
2024-09-13,136.07,139.89,131.76,139.14,1167109.23
2024-09-14,139.14,139.87,135.7,137.17,488283.32
2024-09-15,137.17,137.96,130.53,131.42,783125.79
2024-09-16,131.42,132.33,128.91,131.45,872017.88
2024-09-17,131.45,135.52,130.34,131.56,1013680.8
2024-09-18,131.56,134.41,127.15,134.34,1292119.8
2024-09-19,134.34,144.0,134.32,142.9,2203938.95
2024-09-20,142.9,152.36,141.23,146.66,1733614.19
2024-09-21,146.66,149.85,144.65,149.46,607193.7
2024-09-22,149.46,149.9,141.18,144.68,851223.36
2024-09-23,144.68,149.05,142.19,144.77,1228294.31
2024-09-24,144.77,153.93,143.13,152.72,1714717.03
2024-09-25,152.72,153.88,147.3,147.97,1140072.57
2024-09-26,147.97,158.03,146.59,155.58,1590861.37
2024-09-27,155.58,161.24,154.01,157.64,1503547.66
2024-09-28,157.64,159.4,155.08,156.78,576303.31
2024-09-29,156.78,160.77,155.12,160.01,741062.22
